{"22-01":107628.67453268015,"22-02":60460.20828522115,"22-03":35387.08887316964,"22-04":39201.48186803004,"22-05":55769.469522442654,"22-06":39546.11854520946,"22-07":19952.94833580561,"22-08":2214.267298927033}